"","Domain","Phylum","Class","Order","Family","Genus"
"EU638706.1.1353","Bacteria","Actinobacteria","Actinobacteria","Corynebacteriales","Nocardiaceae","Rhodococcus"
"JN537192.1.1500","Bacteria","Proteobacteria","Deltaproteobacteria","Sh765B-TzT-29","",""
"CAFJ01000195.23.1515","Bacteria","Proteobacteria","Alphaproteobacteria","Rhizobiales","Bradyrhizobiaceae","Bradyrhizobium"
"AJ567555.1.1514","Bacteria","Gemmatimonadetes","Gemmatimonadetes","PAUC43f marine benthic group","",""
"JQ452773.1.1411","Bacteria","Actinobacteria","Actinobacteria","Actinomycetales","Actinomycetaceae","Actinomyces"
"EF516422.1.1450","Bacteria","Actinobacteria","Actinobacteria","Corynebacteriales","Mycobacteriaceae","Mycobacterium"
"AJ630299.1.1352","Bacteria","Proteobacteria","Betaproteobacteria","Rhodocyclales","Rhodocyclaceae","Azospira"
"CU923190.1.1303","Bacteria","Proteobacteria","Alphaproteobacteria","Rhizobiales","Phyllobacteriaceae","uncultured"
"AY664168.1.1226","Bacteria","Proteobacteria","Gammaproteobacteria","Alteromonadales","Alteromonadaceae","Alteromonas"
"JN039300.55496.57028","Bacteria","Cyanobacteria","Chloroplast","","",""
"AM935163.1.1350","Bacteria","Chlorobi","Chlorobia","Chlorobiales","OPB56",""
"FJ484793.1.1352","Bacteria","Proteobacteria","Deltaproteobacteria","Desulfarculales","Desulfarculaceae","uncultured"
"KC169771.1.1506","Bacteria","Proteobacteria","Gammaproteobacteria","Oceanospirillales","Hahellaceae","Endozoicomonas"
"EU134748.1.1313","Bacteria","Proteobacteria","Gammaproteobacteria","Xanthomonadales","Xanthomonadaceae","uncultured"
"JX568335.1.1221","Bacteria","Proteobacteria","Alphaproteobacteria","Rhodospirillales","Acetobacteraceae","Acidiphilium"
"GU370118.1.1504","Bacteria","Proteobacteria","Alphaproteobacteria","Rhodobacterales","Rhodobacteraceae","Rhodovulum"
"KC189687.1.1492","Bacteria","Bacteroidetes","Flavobacteria","Flavobacteriales","Cryomorphaceae","Fluviicola"
"EF687221.1.1356","Bacteria","Proteobacteria","Deltaproteobacteria","Desulfuromonadales","GR-WP33-58",""
"EU803003.1.1436","Bacteria","Proteobacteria","Alphaproteobacteria","SAR11 clade","",""
"EU652528.1.1505","Bacteria","Proteobacteria","Gammaproteobacteria","Thiotrichales","Piscirickettsiaceae","uncultured"
"GQ388869.1.1448","Bacteria","Proteobacteria","Alphaproteobacteria","Sphingomonadales","Sphingomonadaceae","Novosphingobium"
"JX222882.1.1500","Bacteria","Proteobacteria","Gammaproteobacteria","Pseudomonadales","Pseudomonadaceae","Pseudomonas"
"EU800380.1.1501","Bacteria","Proteobacteria","Betaproteobacteria","Burkholderiales","Comamonadaceae","Limnohabitans"
"HQ672217.1.1433","Bacteria","Cyanobacteria","Chloroplast","","",""
"HM128213.1.1390","Bacteria","Proteobacteria","Alphaproteobacteria","Rhodobacterales","Rhodobacteraceae","Roseovarius"
"HM438272.1.1490","Bacteria","Proteobacteria","Betaproteobacteria","Burkholderiales","Comamonadaceae","Delftia"
"EU370951.1.1423","Bacteria","Actinobacteria","Thermoleophilia","Solirubrobacterales","480-2",""
"GQ347042.1.1381","Bacteria","Proteobacteria","Gammaproteobacteria","Oceanospirillales","SUP05 cluster",""
"EU463399.1.1397","Bacteria","Firmicutes","Clostridia","Clostridiales","Christensenellaceae","uncultured"
"JQ278864.1.1255","Bacteria","Proteobacteria","Gammaproteobacteria","Pseudomonadales","Pseudomonadaceae","Pseudomonas"
"EU778909.1.1356","Bacteria","Firmicutes","Clostridia","Clostridiales","Lachnospiraceae","Incertae Sedis"
"JN438064.1.1328","Bacteria","Chloroflexi","Anaerolineae","Anaerolineales","Anaerolineaceae","uncultured"
"FN553956.1.1518","Bacteria","Planctomycetes","Planctomycetacia","Planctomycetales","Planctomycetaceae","uncultured"
"HM320530.1.1356","Bacteria","Actinobacteria","Actinobacteria","Micrococcales","Bogoriellaceae","Georgenia"
"HQ153982.1.1372","Bacteria","Proteobacteria","Alphaproteobacteria","OCS116 clade","",""
"AY517633.1.1496","Bacteria","Proteobacteria","Gammaproteobacteria","Alteromonadales","Alteromonadaceae","Marinobacter"
"EF509540.1.1463","Bacteria","Proteobacteria","Gammaproteobacteria","Pseudomonadales","Pseudomonadaceae","Pseudomonas"
"JN492868.1.1408","Bacteria","Proteobacteria","Gammaproteobacteria","Chromatiales","Chromatiaceae","Thiohalocapsa"
"AY533663.1.1476","Bacteria","Bacteroidetes","Cytophagia","Cytophagales","Cyclobacteriaceae","Algoriphagus"
"EU799164.1.1464","Bacteria","Proteobacteria","Alphaproteobacteria","Rickettsiales","Rickettsiaceae","uncultured"
"JF772089.1.1504","Bacteria","Proteobacteria","Gammaproteobacteria","Enterobacteriales","Enterobacteriaceae","Klebsiella"
"FN822206.1.1354","Bacteria","Planctomycetes","Planctomycetacia","Planctomycetales","Planctomycetaceae","uncultured"
"JF767278.1.1329","Bacteria","Proteobacteria","Alphaproteobacteria","Rhizobiales","Hyphomicrobiaceae","Maritalea"
"EU705738.1.1231","Bacteria","Proteobacteria","Betaproteobacteria","Burkholderiales","Comamonadaceae","Roseateles"
"EU382220.1.1537","Bacteria","Proteobacteria","Gammaproteobacteria","Oceanospirillales","Halomonadaceae","Halomonas"
"JQ800676.1.1461","Bacteria","Proteobacteria","Alphaproteobacteria","Sphingomonadales","Erythrobacteraceae","Erythrobacter"
"JF150656.1.1355","Bacteria","Actinobacteria","Actinobacteria","Actinomycetales","Actinomycetaceae","Actinomyces"
"EU472391.1.1397","Bacteria","Firmicutes","Clostridia","Clostridiales","Ruminococcaceae","uncultured"
"HQ849847.1.910","Archaea","Thaumarchaeota","Marine Group I","","",""
"JQ032338.1.1315","Bacteria","Proteobacteria","Alphaproteobacteria","Rhodobacterales","Rhodobacteraceae","Sulfitobacter"
"FJ202263.1.1475","Bacteria","Firmicutes","Clostridia","Clostridiales","Family XII Incertae Sedis","Fusibacter"
"HM127820.1.1445","Bacteria","Actinobacteria","Actinobacteria","PeM15","",""
"DQ289911.1.1391","Bacteria","Chlorobi","Ignavibacteria","Ignavibacteriales","PHOS-HE36",""
"EU491150.1.1513","Bacteria","Chlamydiae","Chlamydiae","Chlamydiales","Chlamydiaceae","uncultured"
"DQ807757.1.1390","Bacteria","Firmicutes","Clostridia","Clostridiales","Lachnospiraceae","Incertae Sedis"
"KC433404.1.1416","Bacteria","Proteobacteria","Gammaproteobacteria","Alteromonadales","Alteromonadaceae","Catenovulum"
"JN177645.1.1488","Bacteria","Proteobacteria","Gammaproteobacteria","Alteromonadales","Pseudoalteromonadaceae","Pseudoalteromonas"
"EU360487.1.1341","Bacteria","Proteobacteria","Alphaproteobacteria","Rhizobiales","Family Incertae Sedis","Rhizomicrobium"
"JF344191.1.1498","Bacteria","Proteobacteria","Gammaproteobacteria","Xanthomonadales","JTB255 marine benthic group",""
"JN433073.1.1311","Bacteria","Candidate division OD1","","","",""
"AACY023939069.20.1514","Bacteria","Proteobacteria","Deltaproteobacteria","SAR324 clade(Marine group B)","",""
"JQ467292.1.1350","Bacteria","Actinobacteria","Actinobacteria","Corynebacteriales","Corynebacteriaceae","Corynebacterium"
"JN442517.1.1496","Bacteria","Lentisphaerae","Lentisphaeria","R76-B128","",""
"EU373879.1.1463","Bacteria","Proteobacteria","Alphaproteobacteria","Rickettsiales","TK34",""
"DQ809269.1.1284","Bacteria","Firmicutes","Clostridia","Clostridiales","Ruminococcaceae","uncultured"
"DQ797308.1.1379","Bacteria","Firmicutes","Clostridia","Clostridiales","Lachnospiraceae","uncultured"
"KC003498.1.906","Archaea","Thaumarchaeota","Group C3","","",""
"DQ917818.1.1484","Bacteria","Proteobacteria","Alphaproteobacteria","Kordiimonadales","Kordiimonadaceae","Kordiimonas"
"EU133359.1.1285","Bacteria","Proteobacteria","Alphaproteobacteria","Rhizobiales","JG34-KF-361",""
"EU499734.1.1405","Bacteria","Proteobacteria","Betaproteobacteria","Burkholderiales","Comamonadaceae","Pelomonas"
"FJ674735.1.1367","Bacteria","Tenericutes","Mollicutes","Haloplasmatales","Haloplasmataceae","Haloplasma"
"AB193999.1.1440","Archaea","Thaumarchaeota","Marine Group I","","",""
"JQ478185.1.1400","Bacteria","Candidate division TM7","","","",""
"FM242236.1.1493","Bacteria","Proteobacteria","Gammaproteobacteria","Alteromonadales","Alteromonadaceae","C1-B045"
"AB176219.1.1449","Bacteria","Proteobacteria","Alphaproteobacteria","Sphingomonadales","Erythrobacteraceae","uncultured"
"JF319223.1.1409","Bacteria","Proteobacteria","Alphaproteobacteria","Sphingomonadales","Sphingomonadaceae","Sphingomonas"
"GQ259313.1.1460","Bacteria","Bacteroidetes","Flavobacteria","Flavobacteriales","Flavobacteriaceae","uncultured"
"JQ800781.1.1494","Bacteria","Bacteroidetes","Flavobacteria","Flavobacteriales","Flavobacteriaceae","Salegentibacter"
"AB487211.1.1383","Bacteria","Proteobacteria","Deltaproteobacteria","Desulfuromonadales","Geobacteraceae","Geobacter"
"EU456601.1.1391","Bacteria","Firmicutes","Bacilli","Lactobacillales","Lactobacillaceae","Lactobacillus"
"FJ826490.1.1479","Bacteria","Bacteroidetes","Flavobacteria","Flavobacteriales","NS9 marine group",""
"FJ983040.1.1506","Bacteria","Fusobacteria","Fusobacteriia","Fusobacteriales","Leptotrichiaceae","Leptotrichia"
"HM587246.1.1505","Bacteria","Proteobacteria","Betaproteobacteria","Rhodocyclales","Rhodocyclaceae","Azoarcus"
"EU160567.1.1364","Bacteria","Firmicutes","Bacilli","Bacillales","Staphylococcaceae","Staphylococcus"
"FM213023.1.1499","Bacteria","Proteobacteria","Gammaproteobacteria","Xanthomonadales","Xanthomonadaceae","Dokdonella"
"HQ166684.1.1483","Bacteria","Proteobacteria","Alphaproteobacteria","Rhodospirillales","I-10",""
"FJ479509.1.1523","Bacteria","Verrucomicrobia","OPB35 soil group","","",""
"AY057116.1.1496","Bacteria","Proteobacteria","Gammaproteobacteria","Pseudomonadales","Moraxellaceae","Psychrobacter"
"U21490.1.1436","Bacteria","Cyanobacteria","Chloroplast","","",""
"FJ203457.1.1440","Bacteria","Actinobacteria","Acidimicrobiia","Acidimicrobiales","Sva0996 marine group",""
"GU119140.1.1418","Bacteria","Proteobacteria","Alphaproteobacteria","Rhizobiales","Rhodobiaceae","Rhodobium"
"FN396955.1.1437","Bacteria","Actinobacteria","Actinobacteria","Propionibacteriales","Nocardioidaceae","Nocardioides"
"DQ807160.1.1378","Bacteria","Firmicutes","Clostridia","Clostridiales","Ruminococcaceae","Faecalibacterium"
"KC331235.1.1446","Bacteria","Proteobacteria","Alphaproteobacteria","Rhizobiales","Hyphomicrobiaceae","Devosia"
"CR933029.1.1354","Bacteria","Spirochaetae","Spirochaetes","W27","",""
"FM242389.1.1513","Bacteria","Candidate division BRC1","","","",""
"DQ071108.1.1477","Bacteria","Planctomycetes","BD7-11","","",""
"JQ013149.1.1430","Bacteria","Proteobacteria","Alphaproteobacteria","Rhodobacterales","Rhodobacteraceae","Tropicimonas"
"HQ190323.1.1511","Bacteria","Proteobacteria","Gammaproteobacteria","NKB5","",""
"JN038861.1.1481","Bacteria","Actinobacteria","Acidimicrobiia","Acidimicrobiales","uncultured",""
"KC005305.1.1442","Bacteria","Bacteroidetes","Cytophagia","Cytophagales","Flammeovirgaceae","Fabibacter"
"FJ746252.1.1434","Bacteria","Chloroflexi","JG30-KF-CM66","","",""
"EF019312.1.1336","Bacteria","Proteobacteria","Alphaproteobacteria","Sphingomonadales","Sphingomonadaceae","Sphingomonas"
"AB087717.1.1482","Bacteria","Proteobacteria","Alphaproteobacteria","Rhizobiales","Hyphomicrobiaceae","Rhodoplanes"
"DQ269079.1.1405","Bacteria","Proteobacteria","Gammaproteobacteria","Order Incertae Sedis","Family Incertae Sedis","Marinicella"
"EF076166.1.1437","Archaea","Thaumarchaeota","Marine Group I","Cenarchaeales","Cenarchaeaceae","Cenarchaeum"
"AB491704.1.1363","Bacteria","Proteobacteria","Alphaproteobacteria","Rhodobacterales","Rhodobacteraceae","Roseovarius"
"EU132383.1.1393","Bacteria","Acidobacteria","Acidobacteria","Subgroup 6","",""
"FJ644600.1.1277","Bacteria","Proteobacteria","Alphaproteobacteria","Rhodobacterales","Rhodobacteraceae","Roseobacter"
"HQ673051.1.1470","Bacteria","Proteobacteria","Deltaproteobacteria","Myxococcales","0319-6G20",""
"EU413609.1.1238","Archaea","Euryarchaeota","Methanobacteria","Methanobacteriales","Methanobacteriaceae","Methanobrevibacter"
"DQ804203.1.1391","Bacteria","Firmicutes","Clostridia","Clostridiales","Lachnospiraceae","Blautia"
"GQ379616.1.1236","Bacteria","Proteobacteria","Betaproteobacteria","Burkholderiales","Alcaligenaceae","Achromobacter"
"AB240371.1.1518","Bacteria","Proteobacteria","Deltaproteobacteria","GR-WP33-30","",""
"EU289419.1.1489","Bacteria","Actinobacteria","Actinobacteria","Micrococcales","Microbacteriaceae","Marisediminicola"
"EU135551.1.1369","Bacteria","Verrucomicrobia","Spartobacteria","Chthoniobacterales","DA101 soil group",""
"HM798895.1.1469","Bacteria","Proteobacteria","Deltaproteobacteria","Myxococcales","0319-6G20",""
"CU919555.1.1332","Bacteria","Chloroflexi","Anaerolineae","Anaerolineales","Anaerolineaceae","uncultured"
"EU617870.1.1514","Bacteria","Spirochaetae","Spirochaetes","Spirochaetales","Spirochaetaceae","Spirochaeta"
"HQ674482.1.1462","Bacteria","Proteobacteria","Alphaproteobacteria","Rhodospirillales","Rhodospirillaceae","Magnetospira"
"JN514869.1.1424","Bacteria","Proteobacteria","Alphaproteobacteria","Rickettsiales","SM2D12",""
"KC465621.1.1353","Archaea","Euryarchaeota","Thermoplasmata","MSBL1","",""
"EU132191.1.1351","Bacteria","Acidobacteria","Acidobacteria","Subgroup 6","",""
"JQ269251.1.1483","Bacteria","Planctomycetes","Planctomycetacia","Planctomycetales","Planctomycetaceae","Blastopirellula"
"CU927325.1.1340","Bacteria","Proteobacteria","Alphaproteobacteria","Rhizobiales","Bradyrhizobiaceae","Afipia"
"JN437599.1.1384","Bacteria","Proteobacteria","Alphaproteobacteria","Rhodobacterales","Rhodobacteraceae","Wenxinia"
"CU922410.1.1357","Bacteria","Proteobacteria","Deltaproteobacteria","Syntrophobacterales","Syntrophaceae","Smithella"
"FJ952687.1.1457","Bacteria","Proteobacteria","Alphaproteobacteria","Rhizobiales","Rhodobiaceae","Rhodobium"
"FJ470591.1.1499","Bacteria","Actinobacteria","Actinobacteria","Actinomycetales","Actinomycetaceae","Actinomyces"
"EU621894.1.1398","Bacteria","Proteobacteria","Alphaproteobacteria","Rhizobiales","Methylobacteriaceae","Methylobacterium"
"EF574345.1.1539","Bacteria","Lentisphaerae","Lentisphaeria","R76-B128","",""
"FJ479006.1.1507","Bacteria","Actinobacteria","Thermoleophilia","Gaiellales","uncultured",""
"FN396661.1.1453","Bacteria","Lentisphaerae","Lentisphaeria","R76-B128","",""
"EU289486.1.1456","Bacteria","Proteobacteria","Alphaproteobacteria","Rhizobiales","Rhizobiaceae","Rhizobium"
"EU236390.1.1353","Bacteria","Planctomycetes","Planctomycetacia","Planctomycetales","Planctomycetaceae","uncultured"
"FR667390.1.1331","Bacteria","Proteobacteria","Alphaproteobacteria","Rhizobiales","Methylobacteriaceae","Meganema"
"GU293190.1.1486","Bacteria","Tenericutes","Mollicutes","Entomoplasmatales","Family Incertae Sedis","Candidatus Hepatoplasma"
"JX000653.1.1300","Bacteria","BHI80-139","","","",""
"JX945345.1.1443","Bacteria","Proteobacteria","Alphaproteobacteria","SAR11 clade","",""
"EU800201.1.1303","Bacteria","Proteobacteria","Alphaproteobacteria","SAR11 clade","Chesapeake-Delaware Bay",""
"HQ673413.1.1484","Bacteria","Proteobacteria","Deltaproteobacteria","Desulfobacterales","Nitrospinaceae","Nitrospina"
"HQ163641.1.1355","Bacteria","Proteobacteria","Deltaproteobacteria","SAR324 clade(Marine group B)","",""
"GQ472939.1.1228","Bacteria","Proteobacteria","Betaproteobacteria","Burkholderiales","Comamonadaceae","Acidovorax"
"GQ093824.1.1305","Bacteria","Proteobacteria","Alphaproteobacteria","Rhizobiales","Phyllobacteriaceae","Nitratireductor"
"EU290739.1.1461","Bacteria","Proteobacteria","Elev-16S-509","","",""
"AB189348.1.1514","Bacteria","Proteobacteria","Gammaproteobacteria","Oceanospirillales","Alcanivoracaceae","Kangiella"
"EF207559.1.1335","Bacteria","Proteobacteria","Alphaproteobacteria","Rhodobacterales","Rhodobacteraceae","Oceanicola"
"EF572324.1.1449","Bacteria","Proteobacteria","Alphaproteobacteria","SAR11 clade","Surface 1",""
"JQ013486.1.1524","Bacteria","Proteobacteria","Betaproteobacteria","Burkholderiales","Alcaligenaceae","Achromobacter"
"KC012896.1.1336","Bacteria","Proteobacteria","Alphaproteobacteria","Rhodobacterales","Rhodobacteraceae","Rhodovulum"
"FJ264579.1.1506","Bacteria","Chloroflexi","Anaerolineae","Anaerolineales","Anaerolineaceae","uncultured"
"HE804152.1.1386","Bacteria","Bacteroidetes","Sphingobacteriia","Sphingobacteriales","Sphingobacteriaceae","Pedobacter"
"JQ612377.1.1466","Bacteria","Chloroflexi","SAR202 clade","","",""
"EU777053.1.1333","Bacteria","Firmicutes","Clostridia","Clostridiales","Ruminococcaceae","Ruminococcus"
"FJ716886.1.1460","Bacteria","Proteobacteria","Alphaproteobacteria","Rhodobacterales","Rhodobacteraceae","uncultured"
"JX223209.1.1365","Bacteria","Firmicutes","Clostridia","Clostridiales","Family XII Incertae Sedis","uncultured"
"CU923634.1.1345","Bacteria","Firmicutes","Erysipelotrichia","Erysipelotrichales","Erysipelotrichaceae","uncultured"
"HQ672405.1.1502","Bacteria","Deferribacteres","Deferribacteres","Deferribacterales","SAR406 clade(Marine group A)",""
"EU731492.1.1000","Archaea","Euryarchaeota","Halobacteria","Halobacteriales","Deep Sea Hydrothermal Vent Gp 6(DHVEG-6)","Candidatus Parvarchaeum"
"GU451537.1.1253","Bacteria","Proteobacteria","Deltaproteobacteria","Myxococcales","0319-6G20",""
"GQ472935.1.1220","Bacteria","Proteobacteria","Alphaproteobacteria","Sphingomonadales","Sphingomonadaceae","Sphingobium"
"GU572365.1.1497","Bacteria","Proteobacteria","Gammaproteobacteria","Methylococcales","Crenotrichaceae","Crenothrix"
"AY664284.1.1258","Bacteria","Proteobacteria","Gammaproteobacteria","Alteromonadales","Pseudoalteromonadaceae","Pseudoalteromonas"
"EU802926.1.1368","Bacteria","Proteobacteria","Alphaproteobacteria","SAR11 clade","",""
"AJ536844.1.1392","Bacteria","Cyanobacteria","ML635J-21","","",""
"DQ804532.1.1389","Bacteria","Firmicutes","Clostridia","Clostridiales","Lachnospiraceae","Blautia"
"HQ132732.1.1413","Bacteria","Proteobacteria","Gammaproteobacteria","Pseudomonadales","Moraxellaceae","Acinetobacter"
"DQ394926.1.1474","Bacteria","Proteobacteria","Gammaproteobacteria","Chromatiales","Ectothiorhodospiraceae","Acidiferrobacter"
"KC120672.1.1497","Bacteria","Proteobacteria","Gammaproteobacteria","Alteromonadales","Alteromonadaceae","Salinimonas"
"CU921253.1.1307","Bacteria","Proteobacteria","Alphaproteobacteria","Rhodobacterales","Rhodobacteraceae","uncultured"
"HQ673248.1.1512","Bacteria","Deferribacteres","Deferribacteres","Deferribacterales","SAR406 clade(Marine group A)",""
"EU935267.1.1542","Bacteria","Proteobacteria","Gammaproteobacteria","Alteromonadales","Idiomarinaceae","Pseudidiomarina"
"DQ395970.1.1393","Bacteria","Proteobacteria","Alphaproteobacteria","Rhizobiales","Phyllobacteriaceae","Mesorhizobium"
"EU776973.1.1391","Bacteria","Firmicutes","Clostridia","Clostridiales","Lachnospiraceae","Oribacterium"
"FJ457238.1.1498","Bacteria","Proteobacteria","Gammaproteobacteria","Alteromonadales","Pseudoalteromonadaceae","Pseudoalteromonas"
"GU363000.1.1406","Bacteria","Planctomycetes","Phycisphaerae","MSBL9","",""
"DQ644007.1.1450","Bacteria","Proteobacteria","Alphaproteobacteria","Rhodobacterales","Rhodobacteraceae","Stappia"
"JX426883.1.951","Archaea","Thaumarchaeota","Marine Group I","Order Incertae Sedis","Family Incertae Sedis","Candidatus Nitrosoarchaeum"
"FJ529709.1.1485","Bacteria","Actinobacteria","Actinobacteria","Corynebacteriales","Nocardiaceae","Nocardia"
"JN391894.1.1484","Bacteria","Bacteroidetes","Flavobacteria","Flavobacteriales","Flavobacteriaceae","Flavobacterium"
"JN831371.1.1261","Bacteria","Firmicutes","Bacilli","Bacillales","Staphylococcaceae","Staphylococcus"
"DQ796457.1.1387","Bacteria","Firmicutes","Clostridia","Clostridiales","Ruminococcaceae","Incertae Sedis"
"AF390085.1.1439","Bacteria","Actinobacteria","Actinobacteria","Micrococcales","Microbacteriaceae","Microbacterium"
"AM403218.1.1342","Bacteria","Proteobacteria","Alphaproteobacteria","Rhizobiales","Brucellaceae","Ochrobactrum"
"AY902211.1.1468","Bacteria","Proteobacteria","Gammaproteobacteria","Alteromonadales","Shewanellaceae","Shewanella"
"JF344264.1.1506","Bacteria","Proteobacteria","Deltaproteobacteria","Bdellovibrionales","Bacteriovoracaceae","uncultured"
"JN506969.1.1354","Bacteria","Planctomycetes","Phycisphaerae","Phycisphaerales","Phycisphaeraceae","Phycisphaera"
"DQ334639.1.1296","Bacteria","Proteobacteria","Gammaproteobacteria","Xanthomonadales","JTB255 marine benthic group",""
"FJ205193.1.1497","Bacteria","Proteobacteria","Deltaproteobacteria","GR-WP33-30","",""
"JF784423.1.1467","Bacteria","Proteobacteria","Gammaproteobacteria","Oceanospirillales","",""
"JX223267.1.1305","Bacteria","Proteobacteria","Alphaproteobacteria","Sphingomonadales","Sphingomonadaceae","Sphingobium"
"HM798920.1.1453","Bacteria","Lentisphaerae","Lentisphaeria","Victivallales","Victivallaceae","uncultured"
"JX224189.1.1225","Bacteria","Proteobacteria","Deltaproteobacteria","Desulfobacterales","Desulfobulbaceae","Desulfocapsa"
"FJ545494.1.1545","Bacteria","Proteobacteria","Gammaproteobacteria","Chromatiales","Ectothiorhodospiraceae","Acidiferrobacter"
"FR670374.1.1586","Bacteria","Proteobacteria","Gammaproteobacteria","Sva0071","",""
"JN516034.1.1369","Bacteria","Proteobacteria","Deltaproteobacteria","SAR324 clade(Marine group B)","",""
"DQ337108.1.916","Archaea","Euryarchaeota","Methanomicrobia","Methanosarcinales","GOM Arc I",""
"DQ109909.1.1352","Bacteria","Proteobacteria","Deltaproteobacteria","Myxococcales","uncultured",""
"DQ836763.1.1383","Bacteria","Proteobacteria","Betaproteobacteria","Rhodocyclales","Rhodocyclaceae","uncultured"
"AF041468.40711.42197","Bacteria","Cyanobacteria","Chloroplast","","",""
"CU925954.1.1385","Bacteria","Proteobacteria","Deltaproteobacteria","Desulfobacterales","Desulfobacteraceae","uncultured"
"JX040327.1.1483","Bacteria","Bacteroidetes","Flavobacteria","Flavobacteriales","Cryomorphaceae","Fluviicola"
"JQ925121.1.1519","Bacteria","Proteobacteria","Gammaproteobacteria","Order Incertae Sedis","Family Incertae Sedis","Marinicella"
"JX984070.1.1230","Bacteria","Proteobacteria","Alphaproteobacteria","Rhodobacterales","Rhodobacteraceae","Maritimibacter"
"FR685258.1.1486","Bacteria","Bacteroidetes","Flavobacteria","Flavobacteriales","Flavobacteriaceae","NS3a marine group"
"EU775002.1.1308","Bacteria","Firmicutes","Clostridia","Clostridiales","Ruminococcaceae","uncultured"
"GQ417262.1.1454","Bacteria","Proteobacteria","Betaproteobacteria","Burkholderiales","Alcaligenaceae","Pusillimonas"
"EU801070.1.1442","Bacteria","Proteobacteria","Alphaproteobacteria","SAR11 clade","Chesapeake-Delaware Bay",""
"HQ153963.1.1436","Bacteria","Proteobacteria","Gammaproteobacteria","Sva0071","",""
"HQ224981.1.1501","Bacteria","Proteobacteria","Gammaproteobacteria","34P16","",""
"CU922234.2.1287","Bacteria","Proteobacteria","Alphaproteobacteria","Rhodobacterales","Rhodobacteraceae","Rhodobacter"
"JN530596.1.1423","Bacteria","Spirochaetae","Spirochaetes","Spirochaetales","Spirochaetaceae","Spirochaeta"
"JF237471.1.1354","Bacteria","Firmicutes","Bacilli","Lactobacillales","Streptococcaceae","Streptococcus"
"CU915193.2.1359","Bacteria","Proteobacteria","Gammaproteobacteria","Oceanospirillales","Alcanivoracaceae","Alcanivorax"
"EF522129.1.1527","Bacteria","Actinobacteria","Actinobacteria","Micrococcales","Micrococcaceae","Kocuria"
"HM439402.1.1318","Bacteria","Proteobacteria","Alphaproteobacteria","Rhodospirillales","Rhodospirillaceae","Azospirillum"
"EU133781.1.1258","Bacteria","Actinobacteria","Actinobacteria","Streptomycetales","Streptomycetaceae","Streptomyces"
"GU108554.1.1400","Bacteria","Proteobacteria","Gammaproteobacteria","Alteromonadales","Pseudoalteromonadaceae","Pseudoalteromonas"
"DQ903996.1.1373","Bacteria","Chlamydiae","Chlamydiae","Chlamydiales","Simkaniaceae","uncultured"
"EU132056.1.1309","Bacteria","Acidobacteria","Acidobacteria","Subgroup 6","",""
"FN436153.1.1447","Bacteria","Proteobacteria","Alphaproteobacteria","Sphingomonadales","Sphingomonadaceae","Novosphingobium"
"EF471637.1.1502","Bacteria","Proteobacteria","Gammaproteobacteria","Thiotrichales","EV818SWSAP88",""
"JX406221.1.1461","Bacteria","Chloroflexi","S085","","",""
"EU773033.1.1392","Bacteria","Firmicutes","Clostridia","Clostridiales","Lachnospiraceae","uncultured"
"FJ712401.1.1414","Bacteria","Proteobacteria","Deltaproteobacteria","Desulfobacterales","Desulfobulbaceae","Desulfocapsa"
"GQ389076.1.1479","Bacteria","Proteobacteria","Epsilonproteobacteria","Campylobacterales","Helicobacteraceae","Sulfuricurvum"
"HQ673403.1.1483","Bacteria","Proteobacteria","Deltaproteobacteria","Desulfobacterales","Nitrospinaceae","Nitrospina"
"DQ112291.1.1339","Bacteria","Proteobacteria","Alphaproteobacteria","Rhizobiales","Rhizobiaceae","Rhizobium"
"JX225280.1.1436","Bacteria","Firmicutes","Clostridia","Clostridiales","Peptococcaceae","Desulfotomaculum"
"HM241034.1.1326","Bacteria","Acidobacteria","Acidobacteria","Subgroup 4","Family Incertae Sedis","Blastocatella"
"CU919426.2.1367","Bacteria","Thermotogae","Thermotogae","Thermotogales","Thermotogaceae","060F05-B-SD-P93"
"EU491839.1.1445","Bacteria","Fusobacteria","Fusobacteriia","BS1-0-74","",""
"JN886903.1.1487","Bacteria","Acidobacteria","Acidobacteria","Subgroup 21","",""
"EU132026.1.1366","Bacteria","Acidobacteria","Acidobacteria","Subgroup 6","",""
"HM341197.1.1353","Bacteria","Bacteroidetes","Sphingobacteriia","Sphingobacteriales","Chitinophagaceae","Hydrotalea"
"DQ015844.1.1494","Bacteria","Proteobacteria","Gammaproteobacteria","Oceanospirillales","Oceanospirillaceae","Pseudospirillum"
"HM445411.1.1359","Bacteria","Bacteroidetes","Sphingobacteriia","Sphingobacteriales","Chitinophagaceae","uncultured"
"JQ678434.1.1542","Bacteria","Proteobacteria","Deltaproteobacteria","Bdellovibrionales","Bdellovibrionaceae","OM27 clade"
"FJ825891.1.1477","Bacteria","Bacteroidetes","Flavobacteria","Flavobacteriales","Cryomorphaceae","Owenweeksia"
"EU132017.1.1300","Bacteria","Acidobacteria","Acidobacteria","Subgroup 4","24-Nov",""
"EF019027.1.1242","Bacteria","Proteobacteria","Gammaproteobacteria","Xanthomonadales","uncultured",""
"FJ973595.1.1393","Bacteria","Cyanobacteria","Cyanobacteria","SubsectionI","FamilyI","Prochlorococcus"
"JQ465904.1.1391","Bacteria","Bacteroidetes","Bacteroidia","Bacteroidales","Prevotellaceae","Prevotella"
"DQ793813.1.1282","Bacteria","Firmicutes","Clostridia","Clostridiales","Ruminococcaceae","Subdoligranulum"
"JN615753.1.1386","Bacteria","Nitrospirae","Nitrospira","Nitrospirales","0319-6A21",""
"JQ825082.1.1501","Bacteria","Proteobacteria","Betaproteobacteria","Rhodocyclales","Rhodocyclaceae","Azoarcus"
"GQ346971.1.1361","Bacteria","Proteobacteria","Deltaproteobacteria","Desulfobacterales","Nitrospinaceae","Nitrospina"
"JF747662.1.1519","Bacteria","Proteobacteria","Deltaproteobacteria","Desulfobacterales","Nitrospinaceae","uncultured"
"FJ432405.1.1226","Bacteria","Actinobacteria","Actinobacteria","Micrococcales","Microbacteriaceae","Curtobacterium"
"FJ152913.1.1510","Bacteria","Proteobacteria","Gammaproteobacteria","Xanthomonadales","uncultured",""
"GQ048895.1.1282","Bacteria","Proteobacteria","Alphaproteobacteria","Rhodobacterales","Rhodobacteraceae","Paracoccus"
"HQ673852.1.1461","Bacteria","Proteobacteria","Deltaproteobacteria","Bdellovibrionales","Bdellovibrionaceae","OM27 clade"
"JX001148.1.1425","Bacteria","Chloroflexi","Dehalococcoidia","GIF3","",""
"JN018914.1.1343","Bacteria","Proteobacteria","Alphaproteobacteria","SAR11 clade","Deep 1",""
"FJ628299.1.1483","Bacteria","Bacteroidetes","VC2.1 Bac22","","",""
"GU118250.1.1455","Bacteria","Proteobacteria","Gammaproteobacteria","Alteromonadales","Alteromonadaceae","Haliea"
"AM086142.1.1416","Bacteria","Proteobacteria","Alphaproteobacteria","Rickettsiales","Rickettsiaceae","uncultured"
"AM997670.1.1478","Bacteria","Bacteroidetes","Flavobacteria","Flavobacteriales","Flavobacteriaceae","uncultured"
"DQ312243.1.1296","Bacteria","Proteobacteria","Gammaproteobacteria","Oceanospirillales","Hahellaceae","Endozoicomonas"
"AB636991.1.1481","Bacteria","Bacteroidetes","Cytophagia","Cytophagales","Cytophagaceae","Pontibacter"
"JN547444.1.1442","Bacteria","Cyanobacteria","Cyanobacteria","SubsectionI","FamilyI","Prochlorococcus"
"JN811702.1.1315","Bacteria","Proteobacteria","Alphaproteobacteria","Rhodobacterales","Rhodobacteraceae","Donghicola"
"EU925834.1.1522","Bacteria","Proteobacteria","Deltaproteobacteria","Sh765B-TzT-29","",""
"JF228084.1.1345","Bacteria","Actinobacteria","Acidimicrobiia","Acidimicrobiales","Iamiaceae","Iamia"
"DQ376919.1.1335","Bacteria","Firmicutes","Bacilli","Bacillales","Staphylococcaceae","Staphylococcus"
"HQ673237.1.1510","Bacteria","Deferribacteres","Deferribacteres","Deferribacterales","SAR406 clade(Marine group A)",""
"JX879053.1.1463","Bacteria","Proteobacteria","Alphaproteobacteria","Rhodospirillales","Rhodospirillaceae","uncultured"
"HM186408.1.1307","Bacteria","Proteobacteria","Alphaproteobacteria","Rhizobiales","Hyphomicrobiaceae","uncultured"
"HQ326998.1.1431","Bacteria","Actinobacteria","Actinobacteria","Micrococcales","Microbacteriaceae","Microbacterium"
"EF574663.1.1445","Bacteria","Proteobacteria","Alphaproteobacteria","Rickettsiales","SAR116 clade",""
"AGTN01582465.203.1476","Bacteria","Proteobacteria","Alphaproteobacteria","Rhodospirillales","Rhodospirillaceae","Azospirillum"
"JQ074015.1.1288","Bacteria","Proteobacteria","Gammaproteobacteria","Enterobacteriales","Enterobacteriaceae","Citrobacter"
"AB288916.1.1360","Bacteria","Bacteroidetes","Bacteroidia","Bacteroidales","Porphyromonadaceae","Tannerella"
"JQ580101.1.1479","Bacteria","Bacteroidetes","Flavobacteria","Flavobacteriales","Flavobacteriaceae","Algibacter"
"JN496039.1.1368","Bacteria","Lentisphaerae","Lentisphaeria","Victivallales","Victivallaceae","uncultured"
"JQ428009.1.1490","Bacteria","Bacteroidetes","Cytophagia","Order II Incertae Sedis","Rhodothermaceae","Rubricoccus"
"JX983917.1.1231","Bacteria","Planctomycetes","Planctomycetacia","Planctomycetales","Planctomycetaceae","Blastopirellula"
"JX222273.1.1330","Bacteria","Firmicutes","Clostridia","Clostridiales","Lachnospiraceae","uncultured"
"JN535012.1.1329","Bacteria","Proteobacteria","Alphaproteobacteria","E6aD10","",""
"JQ428707.1.1442","Bacteria","Proteobacteria","Alphaproteobacteria","Rhizobiales","Phyllobacteriaceae","uncultured"
"DQ899889.1.1307","Bacteria","Firmicutes","Bacilli","Bacillales","Family XII Incertae Sedis","Exiguobacterium"
"EU133338.1.1250","Bacteria","Proteobacteria","Alphaproteobacteria","Rhizobiales","Bradyrhizobiaceae","Bradyrhizobium"
"GU061254.1.1459","Bacteria","Proteobacteria","SPOTSOCT00m83","","",""
"GQ263707.1.1427","Bacteria","Actinobacteria","Thermoleophilia","Solirubrobacterales","TM146",""
"JQ032458.1.1206","Bacteria","Proteobacteria","Gammaproteobacteria","Oceanospirillales","Halomonadaceae","Halomonas"
"JQ612360.1.1515","Bacteria","Acidobacteria","Acidobacteria","Subgroup 6","",""
"EU375199.1.1201","Bacteria","Actinobacteria","Acidimicrobiia","Acidimicrobiales","Acidimicrobiaceae","uncultured"
"EU008564.1.1421","Bacteria","Bacteroidetes","Cytophagia","Order III Incertae Sedis","Family Incertae Sedis","Balneola"
"FJ748779.1.1500","Bacteria","Proteobacteria","Gammaproteobacteria","Xanthomonadales","JTB255 marine benthic group",""
"DQ846830.1.1264","Bacteria","Actinobacteria","Actinobacteria","Corynebacteriales","Nocardiaceae","Rhodococcus"
"HM238147.1.1408","Bacteria","Proteobacteria","Alphaproteobacteria","Sphingomonadales","Sphingomonadaceae","Sandaracinobacter"
"AY676890.1.1416","Bacteria","Proteobacteria","Gammaproteobacteria","Enterobacteriales","Enterobacteriaceae","Candidatus Baumannia"
"EU680468.1.1479","Bacteria","Bacteroidetes","Sphingobacteriia","Sphingobacteriales","S15-21",""
"JN638997.1.1372","Bacteria","Actinobacteria","Actinobacteria","Corynebacteriales","Nocardiaceae","Nocardia"
"EF584060.1.1453","Bacteria","Proteobacteria","Gammaproteobacteria","Alteromonadales","Shewanellaceae","Shewanella"
"EU774070.1.1371","Bacteria","Firmicutes","Clostridia","Clostridiales","Clostridiaceae","Sarcina"
"GQ379601.1.1243","Bacteria","Proteobacteria","Alphaproteobacteria","Sphingomonadales","Sphingomonadaceae","Sphingopyxis"
"HQ121225.1.1506","Bacteria","Proteobacteria","Betaproteobacteria","Burkholderiales","Oxalobacteraceae","Herbaspirillum"
"JQ989852.1.1466","Bacteria","Chloroflexi","Dehalococcoidia","GIF3","",""
"JX945327.1.1452","Bacteria","Proteobacteria","Alphaproteobacteria","Sphingomonadales","Erythrobacteraceae","uncultured"
"AB183568.1.1257","Bacteria","Cyanobacteria","Cyanobacteria","SubsectionIII","FamilyI","Phormidium"
"GU234844.1.1355","Bacteria","Actinobacteria","Actinobacteria","Micrococcales","Microbacteriaceae","Candidatus Aquiluna"
"D12664.1.1256","Bacteria","Bacteroidetes","Flavobacteria","Flavobacteriales","Flavobacteriaceae","Flavobacterium"
"AY922007.1.1336","Bacteria","Proteobacteria","Alphaproteobacteria","Caulobacterales","Caulobacteraceae","uncultured"
"JN038018.1.1052","Archaea","Euryarchaeota","Halobacteria","Halobacteriales","Halobacteriaceae","uncultured"
"JF238718.1.1356","Bacteria","Proteobacteria","Gammaproteobacteria","Pseudomonadales","Moraxellaceae","Enhydrobacter"
"GU451382.1.1229","Bacteria","Bacteroidetes","Sphingobacteriia","Sphingobacteriales","Saprospiraceae","Rubidimonas"
"JX575992.1.1282","Bacteria","RF3","","","",""
"JF809705.1.1358","Bacteria","Proteobacteria","Alphaproteobacteria","Rhodospirillales","AT-s3-44",""
"EU580507.1.1454","Bacteria","Proteobacteria","Alphaproteobacteria","Sphingomonadales","Sphingomonadaceae","Sphingomonas"
"JX047096.1.1524","Bacteria","Planctomycetes","OM190","","",""
"GQ135562.1.1390","Bacteria","Firmicutes","Clostridia","Clostridiales","Ruminococcaceae","uncultured"
"JN625635.1.1426","Bacteria","Bacteroidetes","Flavobacteria","Flavobacteriales","Cryomorphaceae","Owenweeksia"
"EF573375.1.1449","Bacteria","Proteobacteria","Alphaproteobacteria","SAR11 clade","",""
"EU394559.1.1450","Bacteria","Cyanobacteria","Chloroplast","","",""
"JX222814.1.1445","Bacteria","Proteobacteria","Alphaproteobacteria","Sphingomonadales","AKIW852",""
"JN615862.1.1361","Bacteria","Proteobacteria","SPOTSOCT00m83","","",""
"HQ671828.1.1447","Bacteria","Proteobacteria","Alphaproteobacteria","Rhodospirillales","Rhodospirillaceae","uncultured"
"FR823374.1.1521","Bacteria","Proteobacteria","Deltaproteobacteria","Desulfobacterales","Desulfobacteraceae","uncultured"
"GU566699.1.1309","Bacteria","Spirochaetae","Spirochaetes","Spirochaetales","Spirochaetaceae","Treponema"
"HQ449706.1.1408","Bacteria","Bacteroidetes","Sphingobacteriia","Sphingobacteriales","Sphingobacteriaceae","Mucilaginibacter"
"FR853419.1.1451","Bacteria","Proteobacteria","Alphaproteobacteria","Rhodospirillales","Rhodospirillaceae","uncultured"
"FJ745254.1.1321","Bacteria","Proteobacteria","Alphaproteobacteria","Rickettsiales","SHWN-night2",""
"HQ674088.1.1501","Bacteria","Proteobacteria","Gammaproteobacteria","Salinisphaerales","Salinisphaeraceae","ZD0417 marine group"
"EU802831.1.1482","Bacteria","Proteobacteria","Gammaproteobacteria","Oceanospirillales","SAR86 clade",""
"KC294094.1.1446","Bacteria","Proteobacteria","Gammaproteobacteria","Pseudomonadales","Pseudomonadaceae","Pseudomonas"
"JN013945.1.1450","Bacteria","Proteobacteria","Alphaproteobacteria","Rhizobiales","Phyllobacteriaceae","uncultured"
"EF092222.1.1365","Bacteria","Proteobacteria","Alphaproteobacteria","DB1-14","",""
"GQ182698.1.1410","Bacteria","Proteobacteria","Deltaproteobacteria","Desulfovibrionales","Desulfovibrionaceae","Desulfovibrio"
"JX223451.1.1427","Bacteria","Firmicutes","Clostridia","Clostridiales","Lachnospiraceae","uncultured"
"FJ152833.1.1508","Bacteria","Acidobacteria","Acidobacteria","Subgroup 6","",""
"JX222026.1.1343","Bacteria","Proteobacteria","Deltaproteobacteria","Desulfuromonadales","Geobacteraceae","Geobacter"
"HM596371.1.1376","Bacteria","Proteobacteria","Alphaproteobacteria","Caulobacterales","Hyphomonadaceae","uncultured"
"GU145453.1.1434","Bacteria","BD1-5","","","",""
"GQ441216.1.1446","Bacteria","Cyanobacteria","Cyanobacteria","SubsectionIII","FamilyI","Lyngbya"
"EU010156.1.1488","Bacteria","Proteobacteria","Gammaproteobacteria","Oceanospirillales","Oceanospirillaceae","Balneatrix"
"JF145730.1.1376","Bacteria","Planctomycetes","vadinHA49","","",""
"EU132250.1.1357","Bacteria","Acidobacteria","Acidobacteria","Subgroup 6","",""
"JX679640.1.1481","Bacteria","Firmicutes","Bacilli","Bacillales","Bacillaceae","Bacillus"
"JN881570.1.1353","Archaea","Thaumarchaeota","D-F10","","",""
"EF644810.1.1281","Bacteria","Proteobacteria","Alphaproteobacteria","Rhodobacterales","Rhodobacteraceae","Leisingera"
"HM187555.1.1332","Archaea","Thaumarchaeota","HDBA-SITS389","","",""
"JN626748.1.1304","Bacteria","Proteobacteria","Alphaproteobacteria","Sphingomonadales","Sphingomonadaceae","Novosphingobium"
"JQ895017.1.1362","Bacteria","Proteobacteria","Alphaproteobacteria","Rhodobacterales","Rhodobacteraceae","uncultured"
"EU776944.1.1345","Bacteria","Firmicutes","Clostridia","Clostridiales","Lachnospiraceae","Anaerostipes"
"JN505485.1.1444","Bacteria","Planctomycetes","OM190","","",""
"AY592164.1.1255","Bacteria","Proteobacteria","Gammaproteobacteria","Order Incertae Sedis","Family Incertae Sedis","Arenicella"
"HQ241811.1.1424","Bacteria","Proteobacteria","Alphaproteobacteria","Rhodospirillales","Rhodospirillaceae","Magnetospira"
"FJ497530.1.1498","Bacteria","Proteobacteria","Gammaproteobacteria","Order Incertae Sedis","Family Incertae Sedis","Marinicella"
"HQ397389.1.1503","Bacteria","Proteobacteria","Gammaproteobacteria","Thiotrichales","Thiotrichaceae","Methylohalomonas"
"JF189339.1.1360","Bacteria","Proteobacteria","Gammaproteobacteria","Pasteurellales","Pasteurellaceae","Haemophilus"
"HM185936.1.1403","Bacteria","Nitrospirae","Nitrospira","Nitrospirales","Nitrospiraceae","Leptospirillum"
"JN607043.1.1377","Bacteria","Acidobacteria","Acidobacteria","Subgroup 25","",""
"HM817497.1.1355","Bacteria","Proteobacteria","Betaproteobacteria","Burkholderiales","Comamonadaceae","Variovorax"
"U20774.1.1422","Bacteria","Proteobacteria","Alphaproteobacteria","Sphingomonadales","Sphingomonadaceae","Novosphingobium"
"JQ450291.1.1417","Bacteria","Actinobacteria","Actinobacteria","Actinomycetales","Actinomycetaceae","Actinomyces"
